rank,reward,train_step,Ti,Al,V,Cr,Mn,Fe,Cu,Zr,Nb,Mo,Sn,Hf,Ta,W,Si,C,N,O,Sc,Is_Not_Wrought,Is_Wrought,Def_Temp,Def_Strain,HT1,HT1_Temp,HT1_Time,HT1_Quench,HT1_Air,HT1_Furnace,HT2,HT2_Temp,HT2_Time,HT2_Quench,HT2_Air,Mo_eq,Al_eq,beta_transform_T,YM,YS,UTS,El,HV
1,1.752712,2224,87.0,7.5,2.6,0.6,0.0,0.3,0.0,1.8,0.0,0.2,0.0,0.0,0.0,0.0,0.0,0.0,0.0,0.0,0.0,0,1,1075.0,99.0,1,825.0,5.0,0,0,1,1,425.0,9.0,1,0,-3.73,7.8,840.87,119.5,1035.1,1061.7,26.5,918.6
2,1.582953,2282,79.1,6.1,0.7,1.7,0.0,7.2,0.0,2.9,2.3,0.0,0.0,0.0,0.0,0.0,0.0,0.0,0.0,0.0,0.0,1,0,0.0,0.0,1,775.0,20.0,0,1,0,1,275.0,5.0,1,0,18.61,6.58,735.09,79.0,1530.6,1556.6,9.6,670.6
3,1.548261,2004,90.8,5.1,3.4,0.4,0.0,0.3,0.0,0.0,0.0,0.0,0.0,0.0,0.0,0.0,0.0,0.0,0.0,0.0,0.0,0,1,1100.0,40.0,1,1025.0,12.0,0,1,0,1,425.0,30.0,1,0,-1.31,5.1,843.13,155.1,1016.1,1064.0,9.3,498.4
4,1.469281,2055,94.9,0.3,3.2,0.0,0.0,0.2,0.0,0.0,1.1,0.2,0.1,0.0,0.0,0.0,0.0,0.0,0.0,0.0,0.0,0,1,950.0,80.0,1,425.0,0.58,1,0,0,1,850.0,4.0,1,0,2.93,0.33,840.31,128.7,535.7,650.2,36.6,622.6
5,1.412896,2129,88.3,7.3,2.0,1.7,0.0,0.3,0.0,0.2,0.1,0.1,0.0,0.0,0.0,0.0,0.0,0.0,0.0,0.0,0.0,1,0,0.0,0.0,1,625.0,0.083,1,0,0,0,0.0,0.0,0,0,-2.24,7.33,846.21,137.7,1118.8,1158.3,10.6,275.9
6,1.312258,2333,80.4,9.3,2.0,6.4,0.0,0.0,0.0,1.0,0.3,0.6,0.0,0.0,0.0,0.0,0.0,0.0,0.0,0.0,0.0,0,1,1025.0,70.0,1,425.0,0.25,0,1,0,1,800.0,48.0,1,0,2.96,9.47,787.89,113.5,955.5,1088.0,0.8,791.0
7,1.190684,2542,73.1,0.3,4.3,13.5,0.0,1.3,0.0,3.1,4.1,0.2,0.1,0.0,0.0,0.0,0.0,0.0,0.0,0.0,0.0,0,1,800.0,0.0,0,0.0,0.0,0,0,0,0,0.0,0.0,0,0,29.3,0.85,625.65,33.9,1401.8,1437.6,7.5,471.8
8,1.036618,2498,100.0,0.0,0.0,0.0,0.0,0.0,0.0,0.0,0.0,0.0,0.0,0.0,0.0,0.0,0.0,0.0,0.0,0.0,0.0,0,1,700.0,90.0,1,1175.0,0.5,0,1,0,1,975.0,72.0,1,0,0.0,0.0,882.0,130.9,292.5,467.7,6.7,556.1
9,0.962943,2884,77.5,1.3,6.0,0.8,0.0,0.1,0.0,3.5,0.6,3.9,1.9,0.0,4.4,0.0,0.0,0.0,0.0,0.0,0.0,0,1,925.0,50.0,1,875.0,2.5,1,0,0,1,575.0,72.0,1,0,9.33,2.52,749.49,137.2,592.4,942.1,5.0,467.2
