rank,reward,train_step,Ti,Al,V,Cr,Mn,Fe,Cu,Zr,Nb,Mo,Sn,Hf,Ta,W,Si,C,N,O,Sc,Is_Not_Wrought,Is_Wrought,Def_Temp,Def_Strain,HT1,HT1_Temp,HT1_Time,HT1_Quench,HT1_Air,HT1_Furnace,HT2,HT2_Temp,HT2_Time,HT2_Quench,HT2_Air,Mo_eq,Al_eq,beta_transform_T,YM,YS,UTS,El,HV
1,1.620094,1444,81.5,4.8,9.3,1.5,0.0,2.3,0.0,0.6,0.0,0.0,0.0,0.0,0.0,0.0,0.0,0.0,0.0,0.0,0.0,1,0,0.0,0.0,1,900.0,0.33,0,0,1,0,0.0,0.0,0,0,10.5,4.9,724.63,200.4,1184.5,1231.2,3.3,577.1
2,1.520294,1854,70.7,5.5,9.5,0.6,0.0,1.6,0.0,0.8,9.8,0.6,0.6,0.0,0.3,0.0,0.0,0.0,0.0,0.0,0.0,1,0,0.0,0.0,1,900.0,12.0,1,0,0,1,350.0,15.0,1,0,9.88,5.83,740.85,147.2,1030.6,1325.4,9.9,487.5
3,1.462786,1953,90.5,4.4,3.1,0.3,0.0,0.9,0.0,0.2,0.5,0.0,0.0,0.0,0.1,0.0,0.0,0.0,0.0,0.0,0.0,1,0,0.0,0.0,1,725.0,0.167,1,0,0,1,750.0,1.5,1,0,0.93,4.43,835.79,133.1,929.2,1080.5,15.9,532.3
4,1.354878,1723,69.7,3.3,7.9,1.8,0.0,5.8,0.0,3.6,1.2,2.9,1.6,0.0,2.2,0.0,0.0,0.0,0.0,0.0,0.0,1,0,0.0,0.0,1,475.0,0.33,1,0,0,1,850.0,10.0,1,0,25.41,4.43,638.94,63.1,1194.4,1420.6,8.9,630.7
5,1.285069,1418,88.3,7.2,0.6,0.5,0.0,0.4,0.0,0.2,1.2,0.2,0.3,0.0,1.1,0.0,0.0,0.0,0.0,0.0,0.0,1,0,0.0,0.0,1,625.0,0.58,1,0,0,0,0.0,0.0,0,0,-4.06,7.33,875.81,128.9,1123.9,1156.6,9.3,268.5
6,1.043144,1197,82.0,3.3,6.9,0.5,0.0,2.4,0.0,1.8,1.8,1.1,0.0,0.0,0.2,0.0,0.0,0.0,0.0,0.0,0.0,0,1,750.0,60.0,1,1150.0,3.0,0,0,1,1,875.0,12.0,0,1,10.73,3.6,741.63,90.6,874.3,1089.7,0.1,571.5
7,1.023103,1975,66.7,3.1,2.7,13.2,0.0,1.1,0.0,3.6,7.8,0.5,1.3,0.0,0.0,0.0,0.0,0.0,0.0,0.0,0.0,1,0,0.0,0.0,0,0.0,0.0,0,0,0,0,0.0,0.0,0,0,25.7,4.13,655.86,21.5,1340.2,1522.5,0.1,522.3
8,0.955097,1168,80.6,1.1,1.0,14.8,0.0,2.5,0.0,0.0,0.0,0.0,0.0,0.0,0.0,0.0,0.0,0.0,0.0,0.0,0.0,0,1,800.0,99.0,0,0.0,0.0,0,0,0,0,0.0,0.0,0,0,30.5,1.1,654.93,15.6,1153.0,1497.1,8.3,572.0
